water_flow,water_head,turbine_type,turbine_type_encoded,turbine_age,water_temperature,season,season_encoded,maintenance_days,reservoir_level,efficiency,power_output
98.54,47.64,Kaplan,0,7.68,13.54,Spring,0,3,75.42,0.8351,3.0793
112.73,54.32,Francis,1,2.34,12.87,Spring,0,2,82.15,0.8423,4.3416
87.65,65.21,Pelton,2,8.91,11.25,Winter,3,7,68.37,0.8107,3.7586
104.28,52.76,Kaplan,0,5.32,17.62,Summer,1,1,79.54,0.8576,3.9798
93.75,48.93,Francis,1,12.57,14.89,Spring,0,11,73.21,0.7688,2.8524
118.62,61.38,Kaplan,0,3.15,19.73,Summer,1,4,88.45,0.8725,5.6314
76.43,43.27,Pelton,2,15.82,9.76,Winter,3,8,62.89,0.7315,1.9163
108.94,57.82,Francis,1,6.71,15.34,Fall,2,5,81.67,0.8265,4.3772
91.35,49.76,Kaplan,0,4.29,13.92,Spring,0,2,74.53,0.8498,3.0879
125.17,68.43,Pelton,2,1.83,16.25,Summer,1,1,92.76,0.8795,6.3245
82.68,45.92,Francis,1,9.45,10.87,Winter,3,6,65.28,0.7895,2.4013
115.29,59.67,Kaplan,0,3.78,18.45,Summer,1,3,86.94,0.8647,5.3106
95.84,51.23,Pelton,2,7.56,12.65,Fall,2,4,76.12,0.8184,3.2432
107.21,55.89,Francis,1,5.94,14.27,Spring,0,3,80.34,0.8308,4.1794
89.76,46.58,Kaplan,0,8.23,11.89,Winter,3,5,71.45,0.8102,2.7039
121.53,63.74,Pelton,2,2.67,17.35,Summer,1,2,90.21,0.8716,5.8932
84.32,44.15,Francis,1,11.29,10.43,Fall,2,9,67.83,0.7743,2.2852
113.65,58.91,Kaplan,0,4.12,16.78,Spring,0,4,85.27,0.8563,4.8673
97.28,50.45,Pelton,2,6.87,13.21,Winter,3,3,77.59,0.8226,3.2143
110.92,56.78,Francis,1,3.45,15.67,Summer,1,2,83.46,0.8512,4.5283
90.57,48.36,Kaplan,0,9.76,12.34,Fall,2,7,72.18,0.7985,2.7926
124.36,67.92,Pelton,2,1.29,18.56,Summer,1,1,93.05,0.8835,6.2678
83.41,45.23,Francis,1,10.62,10.12,Winter,3,8,66.79,0.7812,2.3474
116.84,60.37,Kaplan,0,2.94,17.89,Spring,0,3,87.63,0.8689,5.4832
94.17,49.84,Pelton,2,7.35,12.78,Fall,2,4,75.32,0.8153,3.0701
106.53,55.21,Francis,1,5.78,14.56,Winter,3,3,81.94,0.8286,3.8956
88.29,47.15,Kaplan,0,8.91,11.32,Spring,0,6,70.25,0.8047,2.6704
120.75,62.95,Pelton,2,2.34,18.23,Summer,1,2,89.47,0.8734,5.9457
85.76,46.38,Francis,1,9.23,11.54,Fall,2,7,68.91,0.7963,2.5176
114.29,59.74,Kaplan,0,3.67,16.92,Winter,3,3,86.14,0.8532,4.9685
96.82,49.27,Pelton,2,6.45,12.89,Spring,0,4,76.43,0.8239,3.1247
109.37,57.46,Francis,1,4.21,15.13,Summer,1,2,82.76,0.8478,4.4268
92.54,48.63,Kaplan,0,8.34,12.67,Fall,2,5,73.49,0.8073,2.9054
123.68,66.92,Pelton,2,1.57,17.85,Summer,1,1,91.83,0.8803,6.1357
81.95,44.79,Francis,1,11.78,10.25,Winter,3,9,65.67,0.7721,2.2683
117.42,61.53,Kaplan,0,2.45,18.37,Spring,0,2,88.29,0.8715,5.5962
93.28,50.32,Pelton,2,7.89,13.45,Fall,2,4,74.91,0.8118,3.0514
105.76,54.87,Francis,1,5.42,14.98,Winter,3,3,80.15,0.8332,3.8464
89.63,47.94,Kaplan,0,9.34,11.76,Spring,0,7,71.38,0.7978,2.7561
122.85,64.51,Pelton,2,2.13,18.74,Summer,1,1,90.72,0.8756,6.2039
84.97,45.63,Francis,1,10.21,10.67,Fall,2,8,67.45,0.7836,2.4382
113.26,58.45,Kaplan,0,3.89,17.25,Winter,3,3,85.83,0.8587,4.8127
97.94,51.78,Pelton,2,6.23,13.82,Spring,0,4,78.31,0.8265,3.3256
111.58,57.29,Francis,1,4.57,15.49,Summer,1,2,83.97,0.8441,4.5824
91.82,49.12,Kaplan,0,8.67,12.23,Fall,2,6,72.74,0.8025,2.8843
125.73,68.73,Pelton,2,1.46,19.15,Summer,1,1,94.18,0.8816,6.4037
83.14,44.96,Francis,1,11.34,10.34,Winter,3,10,66.32,0.7703,2.3124
118.21,62.36,Kaplan,0,2.78,18.62,Spring,0,3,89.15,0.8728,5.7109
95.37,50.89,Pelton,2,7.12,13.17,Fall,2,4,76.84,0.8192,3.1776
107.84,56.42,Francis,1,5.35,15.24,Winter,3,3,82.31,0.8352,4.0376
90.25,48.75,Kaplan,0,9.15,11.98,Spring,0,6,72.05,0.8014,2.8247
121.97,65.28,Pelton,2,1.94,19.38,Summer,1,1,91.28,0.8775,6.2586
86.39,46.84,Francis,1,10.57,10.83,Fall,2,8,69.78,0.7858,2.5346
115.87,60.82,Kaplan,0,3.24,17.73,Winter,3,3,87.27,0.8615,5.4276
98.76,52.34,Pelton,2,6.78,13.58,Spring,0,4,79.42,0.8283,3.3984
110.29,57.83,Francis,1,4.89,15.76,Summer,1,2,84.52,0.8465,4.6387
92.18,49.47,Kaplan,0,8.43,12.45,Fall,2,5,73.21,0.8048,2.9387
124.52,67.29,Pelton,2,1.72,19.53,Summer,1,1,93.46,0.8785,6.3521
82.57,45.38,Francis,1,11.67,10.57,Winter,3,9,66.94,0.7731,2.3537
119.34,63.17,Kaplan,0,2.56,18.89,Spring,0,2,90.32,0.8741,5.8371
96.19,51.56,Pelton,2,6.91,13.74,Fall,2,4,77.63,0.8214,3.2532
108.76,56.98,Francis,1,5.01,15.42,Winter,3,3,83.17,0.8374,4.1238
91.43,49.25,Kaplan,0,8.78,12.13,Spring,0,5,73.84,0.8037,2.8872
123.25,66.37,Pelton,2,1.85,19.27,Summer,1,1,92.51,0.8769,6.3178
85.28,46.52,Francis,1,10.34,10.76,Fall,2,8,68.45,0.7875,2.4853
116.73,61.24,Kaplan,0,3.46,17.51,Winter,3,3,88.14,0.8603,5.5424
99.35,53.17,Pelton,2,6.52,14.03,Spring,0,4,80.23,0.8305,3.4769
112.47,58.63,Francis,1,4.65,16.12,Summer,1,2,85.79,0.8486,4.7532
93.82,50.31,Kaplan,0,8.21,12.76,Fall,2,5,74.57,0.8073,3.0179
126.38,69.45,Pelton,2,1.37,19.64,Summer,1,1,95.32,0.8826,6.5234
84.46,45.94,Francis,1,11.12,10.92,Winter,3,9,67.81,0.7776,2.4128
120.56,64.28,Kaplan,0,2.23,19.05,Spring,0,2,91.67,0.8764,6.0175
97.63,52.84,Pelton,2,6.34,14.15,Fall,2,4,78.95,0.8236,3.3701
109.82,57.51,Francis,1,4.83,15.83,Winter,3,3,84.29,0.8398,4.2064
92.74,49.78,Kaplan,0,8.59,12.37,Spring,0,5,74.13,0.8062,2.9645
124.91,67.58,Pelton,2,1.63,19.42,Summer,1,1,93.82,0.8795,6.3862
